-- phpMyAdmin SQL Dump
-- version 4.7.7
-- https://www.phpmyadmin.net/
--
-- Servidor: localhost
-- Tiempo de generación: 30-05-2018 a las 19:40:30
-- Versión del servidor: 5.6.38
-- Versión de PHP: 7.2.1

SET SQL_MODE = "NO_AUTO_VALUE_ON_ZERO";
SET time_zone = "+00:00";


/*!40101 SET @OLD_CHARACTER_SET_CLIENT=@@CHARACTER_SET_CLIENT */;
/*!40101 SET @OLD_CHARACTER_SET_RESULTS=@@CHARACTER_SET_RESULTS */;
/*!40101 SET @OLD_COLLATION_CONNECTION=@@COLLATION_CONNECTION */;
/*!40101 SET NAMES utf8mb4 */;

--
-- Base de datos: `simple_stock`
--

-- --------------------------------------------------------

--
-- Estructura de tabla para la tabla `categorias`
--

CREATE TABLE `categorias` (
  `id_categoria` int(11) NOT NULL,
  `nombre_categoria` varchar(255) NOT NULL,
  `descripcion_categoria` varchar(255) NOT NULL,
  `date_added` datetime NOT NULL
) ENGINE=MyISAM DEFAULT CHARSET=utf8;

--
-- Volcado de datos para la tabla `categorias`
--

INSERT INTO `categorias` (`id_categoria`, `nombre_categoria`, `descripcion_categoria`, `date_added`) VALUES
(4, 'Equipos', 'Equipos stihl', '2016-12-19 21:06:37'),
(5, 'Accesorios', 'Accesorios stihl', '2016-12-19 21:06:39'),
(10, 'Celulares', '', '2018-05-28 20:43:13');

-- --------------------------------------------------------

--
-- Estructura de tabla para la tabla `historial`
--

CREATE TABLE `historial` (
  `id_historial` int(11) NOT NULL,
  `id_producto` int(11) NOT NULL,
  `user_id` int(11) NOT NULL,
  `fecha` datetime NOT NULL,
  `nota` varchar(255) NOT NULL,
  `referencia` varchar(100) NOT NULL,
  `cantidad` int(11) NOT NULL
) ENGINE=InnoDB DEFAULT CHARSET=latin1;

--
-- Volcado de datos para la tabla `historial`
--

INSERT INTO `historial` (`id_historial`, `id_producto`, `user_id`, `fecha`, `nota`, `referencia`, `cantidad`) VALUES
(1, 1, 1, '2018-05-28 20:43:35', 'Mario agregó 12 producto(s) al inventario', '1', 12),
(2, 1, 1, '2018-05-28 20:44:08', 'Mario agregó 8 producto(s) al inventario', '123', 8),
(3, 1, 1, '2018-05-28 20:44:22', 'Mario eliminó 1 producto(s) del inventario', '22', 1),
(4, 2, 1, '2018-05-28 20:48:04', 'Mario agregó 12 producto(s) al inventario', '2', 12),
(5, 3, 1, '2018-05-28 20:48:19', 'Mario agregó 20 producto(s) al inventario', '3', 20),
(6, 3, 1, '2018-05-30 15:50:30', 'Mario agregó 4 producto(s) al inventario', '777', 4),
(7, 3, 1, '2018-05-30 15:50:56', 'Mario eliminó 10 producto(s) del inventario', 'dbfgdb', 10);

-- --------------------------------------------------------

--
-- Estructura de tabla para la tabla `products`
--

CREATE TABLE `products` (
  `id_producto` int(11) NOT NULL,
  `codigo_producto` char(20) NOT NULL,
  `nombre_producto` char(255) NOT NULL,
  `date_added` datetime NOT NULL,
  `precio_producto` double NOT NULL,
  `stock` int(11) NOT NULL,
  `id_categoria` int(11) NOT NULL
) ENGINE=InnoDB DEFAULT CHARSET=utf8;

--
-- Volcado de datos para la tabla `products`
--

INSERT INTO `products` (`id_producto`, `codigo_producto`, `nombre_producto`, `date_added`, `precio_producto`, `stock`, `id_categoria`) VALUES
(1, '1', 'Celular iPhone X', '2018-05-28 20:43:35', 10, 19, 10),
(2, '2', 'Celular Samsung 9', '2018-05-28 20:48:04', 10, 12, 10),
(3, '3', 'Computadora lenovo', '2018-05-28 20:48:19', 190, 14, 4);

-- --------------------------------------------------------

--
-- Estructura de tabla para la tabla `users`
--

CREATE TABLE `users` (
  `user_id` int(11) NOT NULL COMMENT 'auto incrementing user_id of each user, unique index',
  `firstname` varchar(20) COLLATE utf8_unicode_ci NOT NULL,
  `lastname` varchar(20) COLLATE utf8_unicode_ci NOT NULL,
  `user_name` varchar(64) COLLATE utf8_unicode_ci NOT NULL COMMENT 'user''s name, unique',
  `user_password_hash` varchar(255) COLLATE utf8_unicode_ci NOT NULL COMMENT 'user''s password in salted and hashed format',
  `user_email` varchar(64) COLLATE utf8_unicode_ci NOT NULL COMMENT 'user''s email, unique',
  `date_added` datetime NOT NULL
) ENGINE=InnoDB DEFAULT CHARSET=utf8 COLLATE=utf8_unicode_ci COMMENT='user data';

--
-- Volcado de datos para la tabla `users`
--

INSERT INTO `users` (`user_id`, `firstname`, `lastname`, `user_name`, `user_password_hash`, `user_email`, `date_added`) VALUES
(1, 'Mario', 'Rodriguez', 'admin', '$2y$10$MPVHzZ2ZPOWmtUUGCq3RXu31OTB.jo7M9LZ7PmPQYmgETSNn19ejO', 'admin@admin.com', '2016-12-19 15:06:00');

--
-- Índices para tablas volcadas
--

--
-- Indices de la tabla `categorias`
--
ALTER TABLE `categorias`
  ADD PRIMARY KEY (`id_categoria`);

--
-- Indices de la tabla `historial`
--
ALTER TABLE `historial`
  ADD PRIMARY KEY (`id_historial`),
  ADD KEY `id_producto` (`id_producto`);

--
-- Indices de la tabla `products`
--
ALTER TABLE `products`
  ADD PRIMARY KEY (`id_producto`),
  ADD UNIQUE KEY `codigo_producto` (`codigo_producto`);

--
-- Indices de la tabla `users`
--
ALTER TABLE `users`
  ADD PRIMARY KEY (`user_id`),
  ADD UNIQUE KEY `user_name` (`user_name`),
  ADD UNIQUE KEY `user_email` (`user_email`);

--
-- AUTO_INCREMENT de las tablas volcadas
--

--
-- AUTO_INCREMENT de la tabla `categorias`
--
ALTER TABLE `categorias`
  MODIFY `id_categoria` int(11) NOT NULL AUTO_INCREMENT, AUTO_INCREMENT=11;

--
-- AUTO_INCREMENT de la tabla `historial`
--
ALTER TABLE `historial`
  MODIFY `id_historial` int(11) NOT NULL AUTO_INCREMENT, AUTO_INCREMENT=8;

--
-- AUTO_INCREMENT de la tabla `products`
--
ALTER TABLE `products`
  MODIFY `id_producto` int(11) NOT NULL AUTO_INCREMENT, AUTO_INCREMENT=4;

--
-- AUTO_INCREMENT de la tabla `users`
--
ALTER TABLE `users`
  MODIFY `user_id` int(11) NOT NULL AUTO_INCREMENT COMMENT 'auto incrementing user_id of each user, unique index', AUTO_INCREMENT=2;

--
-- Restricciones para tablas volcadas
--

--
-- Filtros para la tabla `historial`
--
ALTER TABLE `historial`
  ADD CONSTRAINT `fk_id_producto` FOREIGN KEY (`id_producto`) REFERENCES `products` (`id_producto`) ON DELETE CASCADE;

/*!40101 SET CHARACTER_SET_CLIENT=@OLD_CHARACTER_SET_CLIENT */;
/*!40101 SET CHARACTER_SET_RESULTS=@OLD_CHARACTER_SET_RESULTS */;
/*!40101 SET COLLATION_CONNECTION=@OLD_COLLATION_CONNECTION */;
